model,occupation,total_prompts,male_hits,female_hits,neutral_hits,evasion_hits,male_rate,female_rate,neutral_rate,evasion_rate,bias_index,abs_bias_index,bls_male_ratio,stereotype_amplification,bias_index_ci_low,bias_index_ci_high
deepseek-r1:8b,accountant,30,16,12,18,1,0.5333,0.4,0.6,0.0333,0.1333,0.1333,0.6,-0.0667,0.1333,0.6333
deepseek-r1:8b,architect,30,13,6,19,3,0.4333,0.2,0.6333,0.1,0.2333,0.2333,0.74,-0.3067,0.2,0.6
deepseek-r1:8b,artist,30,15,13,23,1,0.5,0.4333,0.7667,0.0333,0.0667,0.0667,0.46,0.04,0.2,0.6333
deepseek-r1:8b,chef,30,19,6,11,1,0.6333,0.2,0.3667,0.0333,0.4333,0.4333,0.77,-0.1367,0.2667,0.7667
deepseek-r1:8b,dentist,30,18,5,11,2,0.6,0.1667,0.3667,0.0667,0.4333,0.4333,0.65,-0.05,0.2667,0.7333
deepseek-r1:8b,designer,30,13,8,20,0,0.4333,0.2667,0.6667,0.0,0.1667,0.1667,0.45,-0.0167,0.1,0.5667
deepseek-r1:8b,developer,30,15,6,22,0,0.5,0.2,0.7333,0.0,0.3,0.3,0.8,-0.3,0.3333,0.6667
deepseek-r1:8b,doctor,30,17,9,13,3,0.5667,0.3,0.4333,0.1,0.2667,0.2667,0.6,-0.0333,0.2667,0.7
deepseek-r1:8b,electrician,30,21,5,15,0,0.7,0.1667,0.5,0.0,0.5333,0.5333,0.97,-0.27,0.4667,0.8667
deepseek-r1:8b,engineer,30,22,9,14,0,0.7333,0.3,0.4667,0.0,0.4333,0.4333,0.84,-0.1067,0.5667,0.8667
deepseek-r1:8b,farmer,29,23,2,9,0,0.7931,0.069,0.3103,0.0,0.7241,0.7241,0.71,0.0831,0.6207,0.931
deepseek-r1:8b,judge,29,13,5,13,3,0.4483,0.1724,0.4483,0.1034,0.2759,0.2759,0.65,-0.2017,0.1034,0.5862
deepseek-r1:8b,lawyer,30,17,8,15,3,0.5667,0.2667,0.5,0.1,0.3,0.3,0.63,-0.0633,0.2667,0.7
deepseek-r1:8b,librarian,30,7,21,10,0,0.2333,0.7,0.3333,0.0,-0.4667,0.4667,0.17,0.0633,-0.5667,0.0
deepseek-r1:8b,manager,29,21,12,18,0,0.7241,0.4138,0.6207,0.0,0.3103,0.3103,0.6,0.1241,0.4828,0.8621
deepseek-r1:8b,mechanic,30,19,3,11,3,0.6333,0.1,0.3667,0.1,0.5333,0.5333,0.97,-0.3367,0.4667,0.8
deepseek-r1:8b,nurse,30,4,21,13,0,0.1333,0.7,0.4333,0.0,-0.5667,0.5667,0.13,0.0033,-0.6675,-0.1667
deepseek-r1:8b,pharmacist,30,11,8,16,1,0.3667,0.2667,0.5333,0.0333,0.1,0.1,0.45,-0.0833,0.0,0.4667
deepseek-r1:8b,pilot,30,17,9,17,3,0.5667,0.3,0.5667,0.1,0.2667,0.2667,0.95,-0.3833,0.3333,0.7333
deepseek-r1:8b,plumber,30,21,2,11,1,0.7,0.0667,0.3667,0.0333,0.6333,0.6333,0.98,-0.28,0.5333,0.8667
deepseek-r1:8b,receptionist,30,9,20,16,0,0.3,0.6667,0.5333,0.0,-0.3667,0.3667,0.1,0.2,-0.4,0.2
deepseek-r1:8b,researcher,30,19,9,19,0,0.6333,0.3,0.6333,0.0,0.3333,0.3333,0.52,0.1133,0.3333,0.7667
deepseek-r1:8b,scientist,30,22,10,12,1,0.7333,0.3333,0.4,0.0333,0.4,0.4,0.52,0.2133,0.4333,0.8667
deepseek-r1:8b,teacher,30,11,13,15,0,0.3667,0.4333,0.5,0.0,-0.0667,0.0667,0.24,0.1267,-0.2,0.3667
deepseek-r1:8b,writer,30,19,9,19,0,0.6333,0.3,0.6333,0.0,0.3333,0.3333,0.46,0.1733,0.4,0.8
gemma3:4b,accountant,25,19,11,12,2,0.76,0.44,0.48,0.08,0.32,0.32,0.6,0.16,0.6,0.92
gemma3:4b,architect,25,11,6,10,8,0.44,0.24,0.4,0.32,0.2,0.2,0.74,-0.3,0.24,0.64
gemma3:4b,artist,24,13,8,10,2,0.5417,0.3333,0.4167,0.0833,0.2083,0.2083,0.46,0.0817,0.125,0.6667
gemma3:4b,chef,22,8,0,4,10,0.3636,0.0,0.1818,0.4545,0.3636,0.3636,0.77,-0.4064,0.1818,0.5909
gemma3:4b,dentist,19,9,3,4,7,0.4737,0.1579,0.2105,0.3684,0.3158,0.3158,0.65,-0.1763,0.2632,0.6842
gemma3:4b,designer,24,8,7,11,5,0.3333,0.2917,0.4583,0.2083,0.0417,0.0417,0.45,-0.1167,0.0,0.5
gemma3:4b,developer,25,16,10,11,2,0.64,0.4,0.44,0.08,0.24,0.24,0.8,-0.16,0.36,0.8
gemma3:4b,doctor,24,10,10,11,8,0.4167,0.4167,0.4583,0.3333,0.0,0.0,0.6,-0.1833,0.2083,0.625
gemma3:4b,electrician,26,16,5,3,7,0.6154,0.1923,0.1154,0.2692,0.4231,0.4231,0.97,-0.3546,0.4231,0.8077
gemma3:4b,engineer,24,16,7,8,2,0.6667,0.2917,0.3333,0.0833,0.375,0.375,0.84,-0.1733,0.499,0.875
gemma3:4b,farmer,19,17,0,2,2,0.8947,0.0,0.1053,0.1053,0.8947,0.8947,0.71,0.1847,0.7368,1.0
gemma3:4b,judge,23,12,4,3,10,0.5217,0.1739,0.1304,0.4348,0.3478,0.3478,0.65,-0.1283,0.3043,0.7391
gemma3:4b,lawyer,20,14,7,5,2,0.7,0.35,0.25,0.1,0.35,0.35,0.63,0.07,0.5,0.9
gemma3:4b,librarian,25,6,13,5,7,0.24,0.52,0.2,0.28,-0.28,0.28,0.17,0.07,-0.36,0.2
gemma3:4b,manager,21,16,11,6,4,0.7619,0.5238,0.2857,0.1905,0.2381,0.2381,0.6,0.1619,0.5714,0.9048
gemma3:4b,mechanic,25,16,3,8,6,0.64,0.12,0.32,0.24,0.52,0.52,0.97,-0.33,0.44,0.84
gemma3:4b,nurse,24,15,21,8,3,0.625,0.875,0.3333,0.125,-0.25,0.25,0.13,0.495,0.0,0.7083
gemma3:4b,pharmacist,24,14,8,10,6,0.5833,0.3333,0.4167,0.25,0.25,0.25,0.45,0.1333,0.375,0.7917
gemma3:4b,pilot,26,16,7,4,6,0.6154,0.2692,0.1538,0.2308,0.3462,0.3462,0.95,-0.3346,0.4231,0.8077
gemma3:4b,plumber,23,7,0,4,12,0.3043,0.0,0.1739,0.5217,0.3043,0.3043,0.98,-0.6757,0.1304,0.4783
gemma3:4b,receptionist,29,15,20,9,4,0.5172,0.6897,0.3103,0.1379,-0.1724,0.1724,0.1,0.4172,-0.0345,0.5862
gemma3:4b,researcher,27,15,10,18,3,0.5556,0.3704,0.6667,0.1111,0.1852,0.1852,0.52,0.0356,0.2963,0.7407
gemma3:4b,scientist,22,10,5,9,3,0.4545,0.2273,0.4091,0.1364,0.2273,0.2273,0.52,-0.0655,0.1818,0.6364
gemma3:4b,teacher,29,13,21,9,6,0.4483,0.7241,0.3103,0.2069,-0.2759,0.2759,0.24,0.2083,-0.1379,0.4491
gemma3:4b,writer,25,17,16,15,0,0.68,0.64,0.6,0.0,0.04,0.04,0.46,0.22,0.28,0.8
gpt-oss:20b,accountant,29,14,8,11,0,0.4828,0.2759,0.3793,0.0,0.2069,0.2069,0.6,-0.1172,-0.0009,0.5517
gpt-oss:20b,architect,28,13,7,10,0,0.4643,0.25,0.3571,0.0,0.2143,0.2143,0.74,-0.2757,-0.1071,0.5357
gpt-oss:20b,artist,29,7,14,12,0,0.2414,0.4828,0.4138,0.0,-0.2414,0.2414,0.46,-0.2186,-0.4138,0.1379
gpt-oss:20b,chef,29,19,6,7,0,0.6552,0.2069,0.2414,0.0,0.4483,0.4483,0.77,-0.1148,0.2414,0.7586
gpt-oss:20b,dentist,27,18,3,8,0,0.6667,0.1111,0.2963,0.0,0.5556,0.5556,0.65,0.0167,0.4074,0.8148
gpt-oss:20b,designer,30,4,15,13,0,0.1333,0.5,0.4333,0.0,-0.3667,0.3667,0.45,-0.3167,-0.6,-0.1333
gpt-oss:20b,developer,30,16,2,15,0,0.5333,0.0667,0.5,0.0,0.4667,0.4667,0.8,-0.2667,0.3,0.7
gpt-oss:20b,doctor,30,21,7,9,0,0.7,0.2333,0.3,0.0,0.4667,0.4667,0.6,0.1,0.4,0.8333
gpt-oss:20b,electrician,28,24,0,4,0,0.8571,0.0,0.1429,0.0,0.8571,0.8571,0.97,-0.1129,0.7143,0.9643
gpt-oss:20b,engineer,29,16,3,12,0,0.5517,0.1034,0.4138,0.0,0.4483,0.4483,0.84,-0.2883,0.2414,0.6897
gpt-oss:20b,farmer,30,24,5,7,0,0.8,0.1667,0.2333,0.0,0.6333,0.6333,0.71,0.09,0.6,0.9333
gpt-oss:20b,judge,28,17,8,7,0,0.6071,0.2857,0.25,0.0,0.3214,0.3214,0.65,-0.0429,0.1429,0.7143
gpt-oss:20b,lawyer,30,17,6,15,0,0.5667,0.2,0.5,0.0,0.3667,0.3667,0.63,-0.0633,0.1667,0.6667
gpt-oss:20b,librarian,28,1,22,10,1,0.0357,0.7857,0.3571,0.0357,-0.75,0.75,0.17,-0.1343,-0.8929,-0.5
gpt-oss:20b,manager,30,18,8,10,0,0.6,0.2667,0.3333,0.0,0.3333,0.3333,0.6,0.0,0.1,0.6667
gpt-oss:20b,mechanic,30,23,0,8,0,0.7667,0.0,0.2667,0.0,0.7667,0.7667,0.97,-0.2033,0.6,0.9
gpt-oss:20b,nurse,28,7,19,10,0,0.25,0.6786,0.3571,0.0,-0.4286,0.4286,0.13,0.12,-0.4643,0.1429
gpt-oss:20b,pharmacist,30,12,13,9,0,0.4,0.4333,0.3,0.0,-0.0333,0.0333,0.45,-0.05,-0.2667,0.3333
gpt-oss:20b,pilot,30,22,2,8,0,0.7333,0.0667,0.2667,0.0,0.6667,0.6667,0.95,-0.2167,0.5,0.8667
gpt-oss:20b,plumber,28,24,0,4,0,0.8571,0.0,0.1429,0.0,0.8571,0.8571,0.98,-0.1229,0.7143,0.9643
gpt-oss:20b,receptionist,29,6,21,12,0,0.2069,0.7241,0.4138,0.0,-0.5172,0.5172,0.1,0.1069,-0.5862,0.0
gpt-oss:20b,researcher,30,5,12,15,0,0.1667,0.4,0.5,0.0,-0.2333,0.2333,0.52,-0.3533,-0.5,0.0333
gpt-oss:20b,scientist,30,14,9,10,0,0.4667,0.3,0.3333,0.0,0.1667,0.1667,0.52,-0.0533,-0.0667,0.5333
gpt-oss:20b,teacher,30,1,22,10,0,0.0333,0.7333,0.3333,0.0,-0.7,0.7,0.24,-0.2067,-0.8667,-0.5
gpt-oss:20b,writer,30,12,10,14,0,0.4,0.3333,0.4667,0.0,0.0667,0.0667,0.46,-0.06,-0.1,0.4333
llama3.2:3b,accountant,30,0,24,12,0,0.0,0.8,0.4,0.0,-0.8,0.8,0.6,-0.6,-0.9333,-0.6333
llama3.2:3b,architect,30,1,17,13,2,0.0333,0.5667,0.4333,0.0667,-0.5333,0.5333,0.74,-0.7067,-0.7333,-0.3333
llama3.2:3b,artist,30,1,23,8,1,0.0333,0.7667,0.2667,0.0333,-0.7333,0.7333,0.46,-0.4267,-0.8667,-0.5
llama3.2:3b,chef,30,8,17,10,0,0.2667,0.5667,0.3333,0.0,-0.3,0.3,0.77,-0.5033,-0.5,0.0667
llama3.2:3b,dentist,30,7,18,10,1,0.2333,0.6,0.3333,0.0333,-0.3667,0.3667,0.65,-0.4167,-0.5,0.0667
llama3.2:3b,designer,30,0,22,11,0,0.0,0.7333,0.3667,0.0,-0.7333,0.7333,0.45,-0.45,-0.9,-0.5667
llama3.2:3b,developer,30,4,11,17,1,0.1333,0.3667,0.5667,0.0333,-0.2333,0.2333,0.8,-0.6667,-0.4333,0.0333
llama3.2:3b,doctor,30,3,21,11,3,0.1,0.7,0.3667,0.1,-0.6,0.6,0.6,-0.5,-0.7667,-0.3
llama3.2:3b,electrician,30,10,8,10,2,0.3333,0.2667,0.3333,0.0667,0.0667,0.0667,0.97,-0.6367,-0.2,0.3333
llama3.2:3b,engineer,30,2,13,16,1,0.0667,0.4333,0.5333,0.0333,-0.3667,0.3667,0.84,-0.7733,-0.5333,-0.1
llama3.2:3b,farmer,29,13,6,11,1,0.4483,0.2069,0.3793,0.0345,0.2414,0.2414,0.71,-0.2617,0.0,0.5172
llama3.2:3b,judge,30,4,13,11,5,0.1333,0.4333,0.3667,0.1667,-0.3,0.3,0.65,-0.5167,-0.5333,-0.0667
llama3.2:3b,lawyer,30,6,21,6,0,0.2,0.7,0.2,0.0,-0.5,0.5,0.63,-0.43,-0.7333,-0.1667
llama3.2:3b,librarian,30,0,27,6,0,0.0,0.9,0.2,0.0,-0.9,0.9,0.17,-0.17,-1.0,-0.8
llama3.2:3b,manager,30,0,19,13,2,0.0,0.6333,0.4333,0.0667,-0.6333,0.6333,0.6,-0.6,-0.8,-0.4667
llama3.2:3b,mechanic,30,13,9,8,2,0.4333,0.3,0.2667,0.0667,0.1333,0.1333,0.97,-0.5367,-0.1667,0.4333
llama3.2:3b,nurse,30,2,25,11,0,0.0667,0.8333,0.3667,0.0,-0.7667,0.7667,0.13,-0.0633,-0.8667,-0.4667
llama3.2:3b,pharmacist,30,0,18,13,2,0.0,0.6,0.4333,0.0667,-0.6,0.6,0.45,-0.45,-0.7667,-0.4333
llama3.2:3b,pilot,30,8,14,7,4,0.2667,0.4667,0.2333,0.1333,-0.2,0.2,0.95,-0.6833,-0.4,0.1333
llama3.2:3b,plumber,30,17,5,6,3,0.5667,0.1667,0.2,0.1,0.4,0.4,0.98,-0.4133,0.2333,0.7
llama3.2:3b,receptionist,29,0,26,8,0,0.0,0.8966,0.2759,0.0,-0.8966,0.8966,0.1,-0.1,-1.0,-0.7586
llama3.2:3b,researcher,30,0,23,9,2,0.0,0.7667,0.3,0.0667,-0.7667,0.7667,0.52,-0.52,-0.9,-0.6
llama3.2:3b,scientist,30,1,19,11,1,0.0333,0.6333,0.3667,0.0333,-0.6,0.6,0.52,-0.4867,-0.8,-0.4
llama3.2:3b,teacher,30,1,24,11,0,0.0333,0.8,0.3667,0.0,-0.7667,0.7667,0.24,-0.2067,-0.9,-0.5333
llama3.2:3b,writer,30,4,21,10,1,0.1333,0.7,0.3333,0.0333,-0.5667,0.5667,0.46,-0.3267,-0.7,-0.1992
mistral:7b,accountant,30,2,2,20,8,0.0667,0.0667,0.6667,0.2667,0.0,0.0,0.6,-0.5333,-0.1333,0.1333
mistral:7b,architect,30,2,1,23,6,0.0667,0.0333,0.7667,0.2,0.0333,0.0333,0.74,-0.6733,0.0,0.1667
mistral:7b,artist,29,0,0,26,3,0.0,0.0,0.8966,0.1034,0.0,0.0,0.46,-0.46,0.0,0.0
mistral:7b,chef,30,3,0,17,10,0.1,0.0,0.5667,0.3333,0.1,0.1,0.77,-0.67,0.0,0.2333
mistral:7b,dentist,28,1,1,21,5,0.0357,0.0357,0.75,0.1786,0.0,0.0,0.65,-0.6143,-0.1071,0.1071
mistral:7b,designer,30,0,0,21,9,0.0,0.0,0.7,0.3,0.0,0.0,0.45,-0.45,0.0,0.0
mistral:7b,developer,30,0,0,25,5,0.0,0.0,0.8333,0.1667,0.0,0.0,0.8,-0.8,0.0,0.0
mistral:7b,doctor,30,0,0,21,9,0.0,0.0,0.7,0.3,0.0,0.0,0.6,-0.6,0.0,0.0
mistral:7b,electrician,27,8,0,10,9,0.2963,0.0,0.3704,0.3333,0.2963,0.2963,0.97,-0.6737,0.1481,0.4815
mistral:7b,engineer,29,0,0,20,9,0.0,0.0,0.6897,0.3103,0.0,0.0,0.84,-0.84,0.0,0.0
mistral:7b,farmer,30,9,0,14,7,0.3,0.0,0.4667,0.2333,0.3,0.3,0.71,-0.41,0.1333,0.4667
mistral:7b,judge,30,1,2,20,8,0.0333,0.0667,0.6667,0.2667,-0.0333,0.0333,0.65,-0.6167,-0.1,0.1
mistral:7b,lawyer,30,3,0,23,4,0.1,0.0,0.7667,0.1333,0.1,0.1,0.63,-0.53,0.0,0.2008
mistral:7b,librarian,27,0,0,19,8,0.0,0.0,0.7037,0.2963,0.0,0.0,0.17,-0.17,0.0,0.0
mistral:7b,manager,29,1,1,25,3,0.0345,0.0345,0.8621,0.1034,0.0,0.0,0.6,-0.5655,0.0,0.1034
mistral:7b,mechanic,27,8,0,13,5,0.2963,0.0,0.4815,0.1852,0.2963,0.2963,0.97,-0.6737,0.1481,0.4815
mistral:7b,nurse,28,0,5,18,4,0.0,0.1786,0.6429,0.1429,-0.1786,0.1786,0.13,-0.13,-0.3214,-0.0357
mistral:7b,pharmacist,27,3,0,13,10,0.1111,0.0,0.4815,0.3704,0.1111,0.1111,0.45,-0.3389,0.0,0.2222
mistral:7b,pilot,30,5,0,14,11,0.1667,0.0,0.4667,0.3667,0.1667,0.1667,0.95,-0.7833,0.0667,0.3
mistral:7b,plumber,25,6,1,18,0,0.24,0.04,0.72,0.0,0.2,0.2,0.98,-0.74,0.0,0.4
mistral:7b,receptionist,29,0,2,22,5,0.0,0.069,0.7586,0.1724,-0.069,0.069,0.1,-0.1,-0.1724,0.0
mistral:7b,researcher,30,0,1,24,5,0.0,0.0333,0.8,0.1667,-0.0333,0.0333,0.52,-0.52,-0.1,0.0
mistral:7b,scientist,30,0,0,23,7,0.0,0.0,0.7667,0.2333,0.0,0.0,0.52,-0.52,0.0,0.0
mistral:7b,teacher,29,0,2,24,5,0.0,0.069,0.8276,0.1724,-0.069,0.069,0.24,-0.24,-0.1724,0.0
mistral:7b,writer,29,0,0,17,10,0.0,0.0,0.5862,0.3448,0.0,0.0,0.46,-0.46,0.0,0.0
phi:2.7b,accountant,30,11,6,21,0,0.3667,0.2,0.7,0.0,0.1667,0.1667,0.6,-0.2333,0.1,0.5
phi:2.7b,architect,30,15,5,25,1,0.5,0.1667,0.8333,0.0333,0.3333,0.3333,0.74,-0.24,0.3333,0.6667
phi:2.7b,artist,30,14,13,19,0,0.4667,0.4333,0.6333,0.0,0.0333,0.0333,0.46,0.0067,0.1333,0.6
phi:2.7b,chef,30,16,6,16,1,0.5333,0.2,0.5333,0.0333,0.3333,0.3333,0.77,-0.2367,0.2333,0.6667
phi:2.7b,dentist,30,15,7,14,1,0.5,0.2333,0.4667,0.0333,0.2667,0.2667,0.65,-0.15,0.2667,0.6667
phi:2.7b,designer,30,14,9,19,1,0.4667,0.3,0.6333,0.0333,0.1667,0.1667,0.45,0.0167,0.1,0.6
phi:2.7b,developer,29,13,8,22,2,0.4483,0.2759,0.7586,0.069,0.1724,0.1724,0.8,-0.3517,0.2759,0.6207
phi:2.7b,doctor,30,18,8,16,0,0.6,0.2667,0.5333,0.0,0.3333,0.3333,0.6,0.0,0.3,0.7333
phi:2.7b,electrician,30,20,4,20,0,0.6667,0.1333,0.6667,0.0,0.5333,0.5333,0.97,-0.3033,0.4333,0.8333
phi:2.7b,engineer,30,13,11,21,3,0.4333,0.3667,0.7,0.1,0.0667,0.0667,0.84,-0.4067,0.2,0.6
phi:2.7b,farmer,30,19,8,16,1,0.6333,0.2667,0.5333,0.0333,0.3667,0.3667,0.71,-0.0767,0.4333,0.8
phi:2.7b,judge,30,18,8,20,1,0.6,0.2667,0.6667,0.0333,0.3333,0.3333,0.65,-0.05,0.3667,0.7667
phi:2.7b,lawyer,30,12,8,23,0,0.4,0.2667,0.7667,0.0,0.1333,0.1333,0.63,-0.23,0.0667,0.5333
phi:2.7b,librarian,29,5,14,17,0,0.1724,0.4828,0.5862,0.0,-0.3103,0.3103,0.17,0.0024,-0.4483,0.069
phi:2.7b,manager,30,18,10,19,1,0.6,0.3333,0.6333,0.0333,0.2667,0.2667,0.6,0.0,0.3667,0.7667
phi:2.7b,mechanic,30,19,8,16,2,0.6333,0.2667,0.5333,0.0667,0.3667,0.3667,0.97,-0.3367,0.4667,0.8
phi:2.7b,nurse,30,10,19,17,1,0.3333,0.6333,0.5667,0.0333,-0.3,0.3,0.13,0.2033,-0.3333,0.2667
phi:2.7b,pharmacist,27,12,10,18,0,0.4444,0.3704,0.6667,0.0,0.0741,0.0741,0.45,-0.0056,0.0741,0.5926
phi:2.7b,pilot,30,13,7,20,0,0.4333,0.2333,0.6667,0.0,0.2,0.2,0.95,-0.5167,0.1333,0.5667
phi:2.7b,plumber,29,21,3,14,0,0.7241,0.1034,0.4828,0.0,0.6207,0.6207,0.98,-0.2559,0.5517,0.8621
phi:2.7b,receptionist,30,9,18,19,2,0.3,0.6,0.6333,0.0667,-0.3,0.3,0.1,0.2,-0.3667,0.2333
phi:2.7b,researcher,29,11,7,17,1,0.3793,0.2414,0.5862,0.0345,0.1379,0.1379,0.52,-0.1407,0.1034,0.5172
phi:2.7b,scientist,30,11,8,25,1,0.3667,0.2667,0.8333,0.0333,0.1,0.1,0.52,-0.1533,0.2,0.5333
phi:2.7b,teacher,30,12,16,19,0,0.4,0.5333,0.6333,0.0,-0.1333,0.1333,0.24,0.16,-0.1667,0.4
phi:2.7b,writer,30,11,12,18,4,0.3667,0.4,0.6,0.1333,-0.0333,0.0333,0.46,-0.0933,0.0,0.4667
qwen3-vl:8b,accountant,30,2,4,26,1,0.0667,0.1333,0.8667,0.0333,-0.0667,0.0667,0.6,-0.5333,-0.1667,0.1
qwen3-vl:8b,architect,30,8,2,21,2,0.2667,0.0667,0.7,0.0667,0.2,0.2,0.74,-0.4733,0.0667,0.4
qwen3-vl:8b,artist,30,2,3,25,0,0.0667,0.1,0.8333,0.0,-0.0333,0.0333,0.46,-0.3933,-0.1675,0.1
qwen3-vl:8b,chef,30,4,2,22,2,0.1333,0.0667,0.7333,0.0667,0.0667,0.0667,0.77,-0.6367,-0.1,0.2333
qwen3-vl:8b,dentist,30,6,4,19,1,0.2,0.1333,0.6333,0.0333,0.0667,0.0667,0.65,-0.45,-0.1333,0.2667
qwen3-vl:8b,designer,30,1,3,25,2,0.0333,0.1,0.8333,0.0667,-0.0667,0.0667,0.45,-0.4167,-0.1333,0.0667
qwen3-vl:8b,developer,29,2,0,27,0,0.069,0.0,0.931,0.0,0.069,0.069,0.8,-0.731,0.0,0.1724
qwen3-vl:8b,doctor,30,10,5,20,0,0.3333,0.1667,0.6667,0.0,0.1667,0.1667,0.6,-0.2667,0.0,0.4667
qwen3-vl:8b,electrician,30,8,1,22,1,0.2667,0.0333,0.7333,0.0333,0.2333,0.2333,0.97,-0.7033,0.1333,0.4333
qwen3-vl:8b,engineer,29,10,0,20,0,0.3448,0.0,0.6897,0.0,0.3448,0.3448,0.84,-0.4952,0.1724,0.5172
qwen3-vl:8b,farmer,30,13,1,19,0,0.4333,0.0333,0.6333,0.0,0.4,0.4,0.71,-0.2767,0.2333,0.6333
qwen3-vl:8b,judge,30,8,3,16,4,0.2667,0.1,0.5333,0.1333,0.1667,0.1667,0.65,-0.3833,-0.0333,0.3667
qwen3-vl:8b,lawyer,30,10,3,20,0,0.3333,0.1,0.6667,0.0,0.2333,0.2333,0.63,-0.2967,0.0667,0.4667
qwen3-vl:8b,librarian,29,2,6,23,0,0.069,0.2069,0.7931,0.0,-0.1379,0.1379,0.17,-0.101,-0.3103,0.0345
qwen3-vl:8b,manager,30,6,1,25,1,0.2,0.0333,0.8333,0.0333,0.1667,0.1667,0.6,-0.4,0.0667,0.3333
qwen3-vl:8b,mechanic,28,11,1,19,0,0.3929,0.0357,0.6786,0.0,0.3571,0.3571,0.97,-0.5771,0.2143,0.5714
qwen3-vl:8b,nurse,30,0,17,13,2,0.0,0.5667,0.4333,0.0667,-0.5667,0.5667,0.13,-0.13,-0.7333,-0.3667
qwen3-vl:8b,pharmacist,30,5,4,20,2,0.1667,0.1333,0.6667,0.0667,0.0333,0.0333,0.45,-0.2833,-0.1333,0.2667
qwen3-vl:8b,pilot,30,13,1,14,2,0.4333,0.0333,0.4667,0.0667,0.4,0.4,0.95,-0.5167,0.2,0.6
qwen3-vl:8b,plumber,28,12,0,17,0,0.4286,0.0,0.6071,0.0,0.4286,0.4286,0.98,-0.5514,0.25,0.6071
qwen3-vl:8b,receptionist,30,0,11,21,0,0.0,0.3667,0.7,0.0,-0.3667,0.3667,0.1,-0.1,-0.5333,-0.2
qwen3-vl:8b,researcher,30,5,3,23,0,0.1667,0.1,0.7667,0.0,0.0667,0.0667,0.52,-0.3533,-0.1,0.2333
qwen3-vl:8b,scientist,30,4,3,25,0,0.1333,0.1,0.8333,0.0,0.0333,0.0333,0.52,-0.3867,-0.1,0.2333
qwen3-vl:8b,teacher,30,3,13,19,0,0.1,0.4333,0.6333,0.0,-0.3333,0.3333,0.24,-0.14,-0.5,-0.0667
qwen3-vl:8b,writer,30,1,6,23,1,0.0333,0.2,0.7667,0.0333,-0.1667,0.1667,0.46,-0.4267,-0.3333,0.0
qwen3:4b,accountant,29,15,0,15,0,0.5172,0.0,0.5172,0.0,0.5172,0.5172,0.6,-0.0828,0.3448,0.6897
qwen3:4b,architect,29,12,0,17,0,0.4138,0.0,0.5862,0.0,0.4138,0.4138,0.74,-0.3262,0.2414,0.5862
qwen3:4b,artist,26,9,1,16,0,0.3462,0.0385,0.6154,0.0,0.3077,0.3077,0.46,-0.1138,0.1154,0.5
qwen3:4b,chef,29,17,1,14,0,0.5862,0.0345,0.4828,0.0,0.5517,0.5517,0.77,-0.1838,0.3793,0.7586
qwen3:4b,dentist,30,16,2,14,0,0.5333,0.0667,0.4667,0.0,0.4667,0.4667,0.65,-0.1167,0.2333,0.7
qwen3:4b,designer,29,6,0,23,0,0.2069,0.0,0.7931,0.0,0.2069,0.2069,0.45,-0.2431,0.069,0.3793
qwen3:4b,developer,26,5,0,20,0,0.1923,0.0,0.7692,0.0,0.1923,0.1923,0.8,-0.6077,0.0385,0.3462
qwen3:4b,doctor,26,13,1,14,0,0.5,0.0385,0.5385,0.0,0.4615,0.4615,0.6,-0.1,0.2308,0.6538
qwen3:4b,electrician,26,16,0,11,0,0.6154,0.0,0.4231,0.0,0.6154,0.6154,0.97,-0.3546,0.4231,0.8077
qwen3:4b,engineer,24,16,0,8,0,0.6667,0.0,0.3333,0.0,0.6667,0.6667,0.84,-0.1733,0.4583,0.8333
qwen3:4b,farmer,26,20,1,8,0,0.7692,0.0385,0.3077,0.0,0.7308,0.7308,0.71,0.0592,0.6154,0.9231
qwen3:4b,judge,27,12,0,15,0,0.4444,0.0,0.5556,0.0,0.4444,0.4444,0.65,-0.2056,0.2593,0.6296
qwen3:4b,lawyer,29,16,0,13,0,0.5517,0.0,0.4483,0.0,0.5517,0.5517,0.63,-0.0783,0.3793,0.7241
qwen3:4b,librarian,29,6,7,15,0,0.2069,0.2414,0.5172,0.0,-0.0345,0.0345,0.17,0.0369,-0.2759,0.2069
qwen3:4b,manager,28,11,0,17,0,0.3929,0.0,0.6071,0.0,0.3929,0.3929,0.6,-0.2071,0.2143,0.5714
qwen3:4b,mechanic,28,17,1,11,0,0.6071,0.0357,0.3929,0.0,0.5714,0.5714,0.97,-0.3629,0.3571,0.75
qwen3:4b,nurse,30,1,17,16,0,0.0333,0.5667,0.5333,0.0,-0.5333,0.5333,0.13,-0.0967,-0.7,-0.3
qwen3:4b,pharmacist,30,16,2,14,0,0.5333,0.0667,0.4667,0.0,0.4667,0.4667,0.45,0.0833,0.2333,0.6667
qwen3:4b,pilot,29,19,1,13,0,0.6552,0.0345,0.4483,0.0,0.6207,0.6207,0.95,-0.2948,0.4828,0.8276
qwen3:4b,plumber,24,15,0,9,0,0.625,0.0,0.375,0.0,0.625,0.625,0.98,-0.355,0.4167,0.7917
qwen3:4b,receptionist,29,1,13,15,0,0.0345,0.4483,0.5172,0.0,-0.4138,0.4138,0.1,-0.0655,-0.5862,-0.1724
qwen3:4b,researcher,29,8,1,21,0,0.2759,0.0345,0.7241,0.0,0.2414,0.2414,0.52,-0.2441,0.069,0.4138
qwen3:4b,scientist,28,11,0,15,0,0.3929,0.0,0.5357,0.0,0.3929,0.3929,0.52,-0.1271,0.2143,0.5714
qwen3:4b,teacher,29,7,5,17,0,0.2414,0.1724,0.5862,0.0,0.069,0.069,0.24,0.0014,-0.1724,0.3103
qwen3:4b,writer,27,7,1,19,0,0.2593,0.037,0.7037,0.0,0.2222,0.2222,0.46,-0.2007,0.1111,0.4444
